{
  "model": {
    "coord_dim": 4,
    "delta_dim": 3,
    "era5_channels": 34,
    "feature_dim": 47,
    "transformer_dim": 256,
    "transformer_heads": 8,
    "transformer_layers": 4,
    "t_cond": 12,
    "t_future": 12,
    "use_heatmap_head": true,
    "num_params": 3578595
  },
  "training": {
    "batch_size": 32,
    "learning_rate": 0.0001,
    "num_epochs": 100,
    "device": "cuda"
  },
  "data": {
    "csv_path": "processed_typhoon_tracks.csv",
    "era5_dir": "E:/TYC",
    "num_storms": 1820,
    "train_samples": 75296,
    "val_samples": 1349,
    "test_samples": 1439
  },
  "test_results": {
    "num_samples": 1439,
    "mean_error_km": 455.9691467285156,
    "std_error_km": 2913.60693359375,
    "dist_mae_km_by_hour": [
      31.21820640563965,
      159.9398193359375,
      218.9607391357422,
      357.6419372558594,
      391.206787109375,
      447.2447509765625,
      519.9833984375,
      554.1727905273438,
      589.1600341796875,
      651.2203369140625,
      708.4617919921875,
      842.4212036132812
    ],
    "dist_rmse_km_by_hour": [
      42.08892822265625,
      1879.544189453125,
      2134.440185546875,
      2934.744384765625,
      2934.224609375,
      3052.673095703125,
      3229.255615234375,
      3223.129150390625,
      3218.853271484375,
      3372.223876953125,
      3472.366943359375,
      3889.180908203125
    ],
    "lat_mae_km_by_hour": [
      17.75564956665039,
      34.52931213378906,
      52.74916458129883,
      70.90724182128906,
      88.95816802978516,
      107.18511962890625,
      125.83158111572266,
      144.76004028320312,
      163.44032287597656,
      181.37559509277344,
      198.89964294433594,
      216.57127380371094
    ],
    "lon_mae_km_by_hour": [
      22.153480529785156,
      142.4824981689453,
      192.0986328125,
      321.76300048828125,
      346.2109680175781,
      393.3050231933594,
      456.95538330078125,
      481.95404052734375,
      507.8768310546875,
      561.3511352539062,
      610.3721923828125,
      736.6989135742188
    ],
    "lat_rmse_km_by_hour": [
      26.616012573242188,
      52.31162643432617,
      79.54608154296875,
      106.67182922363281,
      133.887451171875,
      161.07113647460938,
      188.32188415527344,
      215.1224365234375,
      241.1885223388672,
      265.6739501953125,
      289.1527099609375,
      313.7037353515625
    ],
    "lon_rmse_km_by_hour": [
      32.604698181152344,
      1878.8145751953125,
      2132.957763671875,
      2932.8037109375,
      2931.16650390625,
      3048.418212890625,
      3223.757568359375,
      3215.943603515625,
      3209.8046875,
      3361.74169921875,
      3460.304931640625,
      3876.506103515625
    ],
    "error_by_hour": {
      "0.5h": {
        "mean_km": 31.21820640563965,
        "rmse_km": 42.08892822265625,
        "std_km": 28.2294979095459,
        "lat_mae_km": 17.75564956665039,
        "lon_mae_km": 22.153480529785156
      },
      "1.0h": {
        "mean_km": 159.9398193359375,
        "rmse_km": 1879.544189453125,
        "std_km": 1872.726318359375,
        "lat_mae_km": 34.52931213378906,
        "lon_mae_km": 142.4824981689453
      },
      "1.5h": {
        "mean_km": 218.9607391357422,
        "rmse_km": 2134.440185546875,
        "std_km": 2123.1796875,
        "lat_mae_km": 52.74916458129883,
        "lon_mae_km": 192.0986328125
      },
      "2.0h": {
        "mean_km": 357.6419372558594,
        "rmse_km": 2934.744384765625,
        "std_km": 2912.872314453125,
        "lat_mae_km": 70.90724182128906,
        "lon_mae_km": 321.76300048828125
      },
      "2.5h": {
        "mean_km": 391.206787109375,
        "rmse_km": 2934.224609375,
        "std_km": 2908.028564453125,
        "lat_mae_km": 88.95816802978516,
        "lon_mae_km": 346.2109680175781
      },
      "3.0h": {
        "mean_km": 447.2447509765625,
        "rmse_km": 3052.673095703125,
        "std_km": 3019.733154296875,
        "lat_mae_km": 107.18511962890625,
        "lon_mae_km": 393.3050231933594
      },
      "3.5h": {
        "mean_km": 519.9833984375,
        "rmse_km": 3229.255615234375,
        "std_km": 3187.1162109375,
        "lat_mae_km": 125.83158111572266,
        "lon_mae_km": 456.95538330078125
      },
      "4.0h": {
        "mean_km": 554.1727905273438,
        "rmse_km": 3223.129150390625,
        "std_km": 3175.1318359375,
        "lat_mae_km": 144.76004028320312,
        "lon_mae_km": 481.95404052734375
      },
      "4.5h": {
        "mean_km": 589.1600341796875,
        "rmse_km": 3218.853271484375,
        "std_km": 3164.477783203125,
        "lat_mae_km": 163.44032287597656,
        "lon_mae_km": 507.8768310546875
      },
      "5.0h": {
        "mean_km": 651.2203369140625,
        "rmse_km": 3372.223876953125,
        "std_km": 3308.746826171875,
        "lat_mae_km": 181.37559509277344,
        "lon_mae_km": 561.3511352539062
      },
      "5.5h": {
        "mean_km": 708.4617919921875,
        "rmse_km": 3472.366943359375,
        "std_km": 3399.3251953125,
        "lat_mae_km": 198.89964294433594,
        "lon_mae_km": 610.3721923828125
      },
      "6.0h": {
        "mean_km": 842.4212036132812,
        "rmse_km": 3889.180908203125,
        "std_km": 3796.846435546875,
        "lat_mae_km": 216.57127380371094,
        "lon_mae_km": 736.6989135742188
      }
    }
  }
}