{
  "model": {
    "coord_dim": 4,
    "delta_dim": 3,
    "era5_channels": 34,
    "feature_dim": 47,
    "transformer_dim": 512,
    "transformer_heads": 8,
    "transformer_layers": 8,
    "t_cond": 12,
    "t_future": 12,
    "use_heatmap_head": true,
    "num_params": 39300176
  },
  "training": {
    "batch_size": 64,
    "learning_rate": 0.0001,
    "num_epochs": 200,
    "device": "cuda"
  },
  "data": {
    "csv_path": "processed_typhoon_tracks.csv",
    "era5_dir": "E:/TYC",
    "num_storms": 1820,
    "train_samples": 75316,
    "val_samples": 1361,
    "test_samples": 1424
  },
  "test_results": {
    "num_samples": 1424,
    "mean_error_km": 423.922607421875,
    "std_error_km": 2913.396728515625,
    "error_by_hour": {
      "0.5h": {
        "mean_km": 34.353965759277344,
        "std_km": 21.521211624145508
      },
      "1.0h": {
        "mean_km": 157.6402587890625,
        "std_km": 1884.195556640625
      },
      "1.5h": {
        "mean_km": 209.7734375,
        "std_km": 2136.359130859375
      },
      "2.0h": {
        "mean_km": 340.8856201171875,
        "std_km": 2925.645263671875
      },
      "2.5h": {
        "mean_km": 366.3947448730469,
        "std_km": 2921.42626953125
      },
      "3.0h": {
        "mean_km": 416.03515625,
        "std_km": 3033.61083984375
      },
      "3.5h": {
        "mean_km": 507.2159118652344,
        "std_km": 3311.22607421875
      },
      "4.0h": {
        "mean_km": 535.9393920898438,
        "std_km": 3298.26318359375
      },
      "4.5h": {
        "mean_km": 564.7982788085938,
        "std_km": 3285.595458984375
      },
      "5.0h": {
        "mean_km": 594.15576171875,
        "std_km": 3269.5859375
      },
      "5.5h": {
        "mean_km": 622.6568603515625,
        "std_km": 3251.96240234375
      },
      "6.0h": {
        "mean_km": 737.2217407226562,
        "std_km": 3613.147705078125
      }
    }
  }
}